id,German,Article,English,ExampleSentence,CEFR,WordType,Category,ArticleQuizEligible,Source,Notes,RecommendedRemoval
a1_0004,Abfahrt,die,departure,Die Abfahrt ist um acht Uhr.,A1,noun,General,yes,Goethe-Zertifikat A1 Start Deutsch 1 Wortliste PDF; original Unser Dorf example sentence,,False
a1_0006,Abflug,der,departure,Der Abflug ist um elf Uhr.,A1,noun,General,yes,Goethe-Zertifikat A1 Start Deutsch 1 Wortliste PDF; original Unser Dorf example sentence,,False
a1_0009,Absender,der,sender,Der Absender steht oben auf dem Brief.,A1,noun,General,yes,Goethe-Zertifikat A1 Start Deutsch 1 Wortliste PDF; original Unser Dorf example sentence,,False
a1_0011,Adresse,die,address,Wie ist deine Adresse?,A1,noun,General,yes,Goethe-Zertifikat A1 Start Deutsch 1 Wortliste PDF; original Unser Dorf example sentence,,False
a1_0016,Alter,das,age,Wie ist Ihr Alter?,A1,noun,General,yes,Goethe-Zertifikat A1 Start Deutsch 1 Wortliste PDF; original Unser Dorf example sentence,,False
a1_0021,Anfang,der,beginning,Am Anfang ist es leicht.,A1,noun,General,yes,Goethe-Zertifikat A1 Start Deutsch 1 Wortliste PDF; original Unser Dorf example sentence,,False
a1_0023,Angebot,das,offer; special offer,Das Angebot ist günstig.,A1,noun,General,yes,Goethe-Zertifikat A1 Start Deutsch 1 Wortliste PDF; original Unser Dorf example sentence,,False
a1_0027,Ankunft,die,arrival,Die Ankunft ist um zehn Uhr.,A1,noun,General,yes,Goethe-Zertifikat A1 Start Deutsch 1 Wortliste PDF; original Unser Dorf example sentence,,False
a1_0029,Anmeldung,die,registration,Die Anmeldung ist heute möglich.,A1,noun,General,yes,Goethe-Zertifikat A1 Start Deutsch 1 Wortliste PDF; original Unser Dorf example sentence,,False
a1_0030,Anrede,die,salutation,Schreiben Sie eine Anrede in den Brief.,A1,noun,General,yes,Goethe-Zertifikat A1 Start Deutsch 1 Wortliste PDF; original Unser Dorf example sentence,,False
a1_0031,Anruf,der,call,Ich bekomme einen Anruf.,A1,noun,Communication,yes,Goethe-Zertifikat A1 Start Deutsch 1 Wortliste PDF; original Unser Dorf example sentence,,False
a1_0032,Anrufbeantworter,der,answering machine,Sprechen Sie bitte auf den Anrufbeantworter.,A1,noun,Communication,yes,Goethe-Zertifikat A1 Start Deutsch 1 Wortliste PDF; original Unser Dorf example sentence,,False
a1_0034,Ansage,die,announcement,Hören Sie bitte die Ansage.,A1,noun,General,yes,Goethe-Zertifikat A1 Start Deutsch 1 Wortliste PDF; original Unser Dorf example sentence,,False
a1_0035,Anschluss,der,connection; phone connection,Wir haben Anschluss nach Wien.,A1,noun,Communication,yes,Goethe-Zertifikat A1 Start Deutsch 1 Wortliste PDF; original Unser Dorf example sentence,,False
a1_0036,Antwort,die,answer,Die Antwort ist richtig.,A1,noun,Communication,yes,Goethe-Zertifikat A1 Start Deutsch 1 Wortliste PDF; original Unser Dorf example sentence,,False
a1_0038,Anzeige,die,advertisement; notice,Ich lese die Anzeige in der Zeitung.,A1,noun,General,yes,Goethe-Zertifikat A1 Start Deutsch 1 Wortliste PDF; original Unser Dorf example sentence,,False
a1_0039,Apartment,das,apartment,Wir mieten ein Apartment.,A1,noun,Housing,yes,Goethe-Zertifikat A1 Start Deutsch 1 Wortliste PDF; original Unser Dorf example sentence,,False
a1_0040,Apfel,der,apple,Ich esse einen Apfel.,A1,noun,Food,yes,Goethe-Zertifikat A1 Start Deutsch 1 Wortliste PDF; original Unser Dorf example sentence,,False
a1_0041,Appetit,der,appetite,Guten Appetit!,A1,noun,General,yes,Goethe-Zertifikat A1 Start Deutsch 1 Wortliste PDF; original Unser Dorf example sentence,,False
a1_0042,Arbeit,die,work; job,Meine Arbeit beginnt um acht Uhr.,A1,noun,Work,yes,Goethe-Zertifikat A1 Start Deutsch 1 Wortliste PDF; original Unser Dorf example sentence,,False
a1_0045,Arbeitsplatz,der,workplace,Mein Arbeitsplatz ist ruhig.,A1,noun,Work,yes,Goethe-Zertifikat A1 Start Deutsch 1 Wortliste PDF; original Unser Dorf example sentence,,False
a1_0046,Arm,der,arm,Mein Arm tut weh.,A1,noun,General,yes,Goethe-Zertifikat A1 Start Deutsch 1 Wortliste PDF; original Unser Dorf example sentence,,False
a1_0047,Arzt,der,doctor,Ich gehe zum Arzt.,A1,noun,Health,yes,Goethe-Zertifikat A1 Start Deutsch 1 Wortliste PDF; original Unser Dorf example sentence,,False
a1_0051,Aufgabe,die,task; exercise,Die Aufgabe ist einfach.,A1,noun,General,yes,Goethe-Zertifikat A1 Start Deutsch 1 Wortliste PDF; original Unser Dorf example sentence,,False
a1_0054,Aufzug,der,elevator,Der Aufzug ist kaputt.,A1,noun,General,yes,Goethe-Zertifikat A1 Start Deutsch 1 Wortliste PDF; original Unser Dorf example sentence,,False
a1_0055,Auge,das,eye,Meine Augen sind braun.,A1,noun,General,yes,Goethe-Zertifikat A1 Start Deutsch 1 Wortliste PDF; original Unser Dorf example sentence,,False
a1_0058,Ausflug,der,excursion; trip,Wir machen einen Ausflug.,A1,noun,General,yes,Goethe-Zertifikat A1 Start Deutsch 1 Wortliste PDF; original Unser Dorf example sentence,,False
a1_0060,Ausgang,der,exit,Wo ist der Ausgang?,A1,noun,General,yes,Goethe-Zertifikat A1 Start Deutsch 1 Wortliste PDF; original Unser Dorf example sentence,,False
a1_0061,Auskunft,die,information,Können Sie mir eine Auskunft geben?,A1,noun,General,yes,Goethe-Zertifikat A1 Start Deutsch 1 Wortliste PDF; original Unser Dorf example sentence,,False
a1_0062,Ausländer,der,foreigner,Er ist Ausländer.,A1,noun,General,yes,Goethe-Zertifikat A1 Start Deutsch 1 Wortliste PDF; original Unser Dorf example sentence,,False
a1_0064,Ausland,das,foreign countries; abroad,Wir fahren ins Ausland.,A1,noun,General,yes,Goethe-Zertifikat A1 Start Deutsch 1 Wortliste PDF; original Unser Dorf example sentence,,False
a1_0066,Aussage,die,statement,Die Aussage ist richtig.,A1,noun,General,yes,Goethe-Zertifikat A1 Start Deutsch 1 Wortliste PDF; original Unser Dorf example sentence,,False
a1_0069,Ausweis,der,ID card,Hier ist mein Ausweis.,A1,noun,Travel,yes,Goethe-Zertifikat A1 Start Deutsch 1 Wortliste PDF; original Unser Dorf example sentence,,False
a1_0070,Auto,das,car,Ich fahre mit dem Auto.,A1,noun,Travel,yes,Goethe-Zertifikat A1 Start Deutsch 1 Wortliste PDF; original Unser Dorf example sentence,,False
a1_0071,Autobahn,die,highway; motorway,Die Autobahn ist voll.,A1,noun,General,yes,Goethe-Zertifikat A1 Start Deutsch 1 Wortliste PDF; original Unser Dorf example sentence,,False
a1_0072,Automat,der,machine; vending machine,Die Fahrkarte gibt es am Automaten.,A1,noun,General,yes,Goethe-Zertifikat A1 Start Deutsch 1 Wortliste PDF; original Unser Dorf example sentence,,False
a1_0074,Baby,das,baby,Das Baby schläft.,A1,noun,General,yes,Goethe-Zertifikat A1 Start Deutsch 1 Wortliste PDF; original Unser Dorf example sentence,,False
a1_0075,Bad,das,bathroom; bath,Das Bad ist klein.,A1,noun,Housing,yes,Goethe-Zertifikat A1 Start Deutsch 1 Wortliste PDF; original Unser Dorf example sentence,,False
a1_0077,Bäckerei,die,bakery,Ich gehe zur Bäckerei.,A1,noun,General,yes,Goethe-Zertifikat A1 Start Deutsch 1 Wortliste PDF; original Unser Dorf example sentence,,False
a1_0078,Bahn,die,train; railway,Ich fahre mit der Bahn.,A1,noun,Travel,yes,Goethe-Zertifikat A1 Start Deutsch 1 Wortliste PDF; original Unser Dorf example sentence,,False
a1_0079,Bahnhof,der,train station,Der Bahnhof ist in der Nähe.,A1,noun,Travel,yes,Goethe-Zertifikat A1 Start Deutsch 1 Wortliste PDF; original Unser Dorf example sentence,,False
a1_0080,Bahnsteig,der,platform,Der Zug fährt von Bahnsteig zwei.,A1,noun,General,yes,Goethe-Zertifikat A1 Start Deutsch 1 Wortliste PDF; original Unser Dorf example sentence,,False
a1_0082,Balkon,der,balcony,Die Wohnung hat einen Balkon.,A1,noun,Housing,yes,Goethe-Zertifikat A1 Start Deutsch 1 Wortliste PDF; original Unser Dorf example sentence,,False
a1_0083,Banane,die,banana,Ich kaufe drei Bananen.,A1,noun,Food,yes,Goethe-Zertifikat A1 Start Deutsch 1 Wortliste PDF; original Unser Dorf example sentence,,False
a1_0084,Bank,die,bank; bench,Die Bank öffnet um neun Uhr.,A1,noun,Shopping,yes,Goethe-Zertifikat A1 Start Deutsch 1 Wortliste PDF; original Unser Dorf example sentence,,False
a1_0086,Bauch,der,stomach; belly,Mein Bauch tut weh.,A1,noun,Health,yes,Goethe-Zertifikat A1 Start Deutsch 1 Wortliste PDF; original Unser Dorf example sentence,,False
a1_0087,Baum,der,tree,Der Baum ist groß.,A1,noun,Nature,yes,Goethe-Zertifikat A1 Start Deutsch 1 Wortliste PDF; original Unser Dorf example sentence,,False
a1_0093,Bein,das,leg,Mein Bein tut weh.,A1,noun,Health,yes,Goethe-Zertifikat A1 Start Deutsch 1 Wortliste PDF; original Unser Dorf example sentence,,False
a1_0094,Beispiel,das,example,Das ist ein gutes Beispiel.,A1,noun,School,yes,Goethe-Zertifikat A1 Start Deutsch 1 Wortliste PDF; original Unser Dorf example sentence,,False
a1_0099,Beruf,der,profession; job,Was sind Sie von Beruf?,A1,noun,Work,yes,Goethe-Zertifikat A1 Start Deutsch 1 Wortliste PDF; original Unser Dorf example sentence,,False
a1_0106,Bett,das,bed,Das Kind liegt im Bett.,A1,noun,Housing,yes,Goethe-Zertifikat A1 Start Deutsch 1 Wortliste PDF; original Unser Dorf example sentence,,False
a1_0108,Bier,das,beer,Ein Bier bitte.,A1,noun,Food,yes,Goethe-Zertifikat A1 Start Deutsch 1 Wortliste PDF; original Unser Dorf example sentence,,False
a1_0109,Bild,das,picture,Das Bild ist schön.,A1,noun,General,yes,Goethe-Zertifikat A1 Start Deutsch 1 Wortliste PDF; original Unser Dorf example sentence,,False
a1_0111,Birne,die,pear,Ich kaufe ein Kilo Birnen.,A1,noun,General,yes,Goethe-Zertifikat A1 Start Deutsch 1 Wortliste PDF; original Unser Dorf example sentence,,False
a1_0118,Bleistift,der,pencil,Hast du einen Bleistift?,A1,noun,School,yes,Goethe-Zertifikat A1 Start Deutsch 1 Wortliste PDF; original Unser Dorf example sentence,,False
a1_0119,Blick,der,view; look,Der Blick ist sehr schön.,A1,noun,General,yes,Goethe-Zertifikat A1 Start Deutsch 1 Wortliste PDF; original Unser Dorf example sentence,,False
a1_0120,Blume,die,flower,Die Blumen sind schön.,A1,noun,Nature,yes,Goethe-Zertifikat A1 Start Deutsch 1 Wortliste PDF; original Unser Dorf example sentence,,False
a1_0122,Bogen,der,sheet; form,Schreiben Sie auf den Antwortbogen.,A1,noun,General,yes,Goethe-Zertifikat A1 Start Deutsch 1 Wortliste PDF; original Unser Dorf example sentence,,False
a1_0125,Brief,der,letter,Ich schreibe einen Brief.,A1,noun,Communication,yes,Goethe-Zertifikat A1 Start Deutsch 1 Wortliste PDF; original Unser Dorf example sentence,,False
a1_0126,Briefmarke,die,stamp,Ich brauche eine Briefmarke.,A1,noun,General,yes,Goethe-Zertifikat A1 Start Deutsch 1 Wortliste PDF; original Unser Dorf example sentence,,False
a1_0128,Brötchen,das,bread roll,Ich esse ein Brötchen.,A1,noun,School,yes,Goethe-Zertifikat A1 Start Deutsch 1 Wortliste PDF; original Unser Dorf example sentence,,False
a1_0129,Brot,das,bread,Ich kaufe ein Brot.,A1,noun,School,yes,Goethe-Zertifikat A1 Start Deutsch 1 Wortliste PDF; original Unser Dorf example sentence,,False
a1_0130,Bruder,der,brother,Mein Bruder wohnt in Graz.,A1,noun,Family,yes,Goethe-Zertifikat A1 Start Deutsch 1 Wortliste PDF; original Unser Dorf example sentence,,False
a1_0131,Buch,das,book,Ich lese ein Buch.,A1,noun,School,yes,Goethe-Zertifikat A1 Start Deutsch 1 Wortliste PDF; original Unser Dorf example sentence,,False
a1_0132,Buchstabe,der,letter of alphabet,Dieser Buchstabe ist neu.,A1,noun,Communication,yes,Goethe-Zertifikat A1 Start Deutsch 1 Wortliste PDF; original Unser Dorf example sentence,,False
a1_0134,Bus,der,bus,Der Bus kommt um acht Uhr.,A1,noun,Travel,yes,Goethe-Zertifikat A1 Start Deutsch 1 Wortliste PDF; original Unser Dorf example sentence,,False
a1_0135,Butter,die,butter,Ich möchte Brot mit Butter.,A1,noun,General,yes,Goethe-Zertifikat A1 Start Deutsch 1 Wortliste PDF; original Unser Dorf example sentence,,False
a1_0136,Café,das,café,Wir treffen uns im Café.,A1,noun,General,yes,Goethe-Zertifikat A1 Start Deutsch 1 Wortliste PDF; original Unser Dorf example sentence,,False
a1_0137,CD,die,CD,Ich höre eine CD.,A1,noun,General,yes,Goethe-Zertifikat A1 Start Deutsch 1 Wortliste PDF; original Unser Dorf example sentence,,False
a1_0138,Chef,der,boss,Mein Chef ist freundlich.,A1,noun,Work,yes,Goethe-Zertifikat A1 Start Deutsch 1 Wortliste PDF; original Unser Dorf example sentence,,False
a1_0141,Computer,der,computer,Der Computer ist neu.,A1,noun,General,yes,Goethe-Zertifikat A1 Start Deutsch 1 Wortliste PDF; original Unser Dorf example sentence,,False
a1_0143,Dame,die,lady,Sehr geehrte Damen und Herren.,A1,noun,General,yes,Goethe-Zertifikat A1 Start Deutsch 1 Wortliste PDF; original Unser Dorf example sentence,,False
a1_0145,Dank,der,thanks,Vielen Dank.,A1,noun,General,yes,Goethe-Zertifikat A1 Start Deutsch 1 Wortliste PDF; original Unser Dorf example sentence,,False
a1_0149,Datum,das,date,Schreiben Sie bitte das Datum.,A1,noun,Time,yes,Goethe-Zertifikat A1 Start Deutsch 1 Wortliste PDF; original Unser Dorf example sentence,,False
a1_0157,Disco,die,disco; club,Wir gehen heute in die Disco.,A1,noun,General,yes,Goethe-Zertifikat A1 Start Deutsch 1 Wortliste PDF; original Unser Dorf example sentence,,False
a1_0158,Doktor,der,doctor,Ich gehe zum Doktor.,A1,noun,Health,yes,Goethe-Zertifikat A1 Start Deutsch 1 Wortliste PDF; original Unser Dorf example sentence,,False
a1_0159,Doppelzimmer,das,double room,Wir möchten ein Doppelzimmer.,A1,noun,Housing,yes,Goethe-Zertifikat A1 Start Deutsch 1 Wortliste PDF; original Unser Dorf example sentence,,False
a1_0160,Dorf,das,village,Meine Familie lebt in einem Dorf.,A1,noun,General,yes,Goethe-Zertifikat A1 Start Deutsch 1 Wortliste PDF; original Unser Dorf example sentence,,False
a1_0164,Drucker,der,printer,Der Drucker ist kaputt.,A1,noun,General,yes,Goethe-Zertifikat A1 Start Deutsch 1 Wortliste PDF; original Unser Dorf example sentence,,False
a1_0168,Durchsage,die,announcement,Ich verstehe die Durchsage nicht.,A1,noun,General,yes,Goethe-Zertifikat A1 Start Deutsch 1 Wortliste PDF; original Unser Dorf example sentence,,False
a1_0169,Durst,der,thirst,Ich habe Durst.,A1,noun,General,yes,Goethe-Zertifikat A1 Start Deutsch 1 Wortliste PDF; original Unser Dorf example sentence,,False
a1_0170,Dusche,die,shower,Die Wohnung hat eine Dusche.,A1,noun,General,yes,Goethe-Zertifikat A1 Start Deutsch 1 Wortliste PDF; original Unser Dorf example sentence,,False
a1_0172,E-Mail,die,email,Ich schreibe eine E-Mail.,A1,noun,Communication,yes,Goethe-Zertifikat A1 Start Deutsch 1 Wortliste PDF; original Unser Dorf example sentence,,False
a1_0173,Ecke,die,corner,Die Post ist an der Ecke.,A1,noun,General,yes,Goethe-Zertifikat A1 Start Deutsch 1 Wortliste PDF; original Unser Dorf example sentence,,False
a1_0174,Ehefrau,die,wife,Das ist meine Ehefrau.,A1,noun,General,yes,Goethe-Zertifikat A1 Start Deutsch 1 Wortliste PDF; original Unser Dorf example sentence,,False
a1_0175,Ehemann,der,husband,Das ist mein Ehemann.,A1,noun,General,yes,Goethe-Zertifikat A1 Start Deutsch 1 Wortliste PDF; original Unser Dorf example sentence,,False
a1_0176,Ei,das,egg,Ich esse ein Ei zum Frühstück.,A1,noun,General,yes,Goethe-Zertifikat A1 Start Deutsch 1 Wortliste PDF; original Unser Dorf example sentence,,False
a1_0180,Eingang,der,entrance,Der Eingang ist links.,A1,noun,General,yes,Goethe-Zertifikat A1 Start Deutsch 1 Wortliste PDF; original Unser Dorf example sentence,,False
a1_0183,Einladung,die,invitation,Danke für die Einladung.,A1,noun,General,yes,Goethe-Zertifikat A1 Start Deutsch 1 Wortliste PDF; original Unser Dorf example sentence,,False
a1_0186,Eintritt,der,admission; entrance fee,Der Eintritt kostet fünf Euro.,A1,noun,General,yes,Goethe-Zertifikat A1 Start Deutsch 1 Wortliste PDF; original Unser Dorf example sentence,,False
a1_0187,Einzelzimmer,das,single room,Haben Sie ein Einzelzimmer?,A1,noun,Housing,yes,Goethe-Zertifikat A1 Start Deutsch 1 Wortliste PDF; original Unser Dorf example sentence,,False
a1_0189,Empfänger,der,recipient,Der Empfänger steht auf dem Brief.,A1,noun,General,yes,Goethe-Zertifikat A1 Start Deutsch 1 Wortliste PDF; original Unser Dorf example sentence,,False
a1_0191,Ende,das,end,Am Ende gehen wir nach Hause.,A1,noun,General,yes,Goethe-Zertifikat A1 Start Deutsch 1 Wortliste PDF; original Unser Dorf example sentence,,False
a1_0194,Entschuldigung,die,apology; excuse,Entschuldigung ich komme zu spät.,A1,noun,General,yes,Goethe-Zertifikat A1 Start Deutsch 1 Wortliste PDF; original Unser Dorf example sentence,,False
a1_0196,Ergebnis,das,result,Das Ergebnis ist gut.,A1,noun,General,yes,Goethe-Zertifikat A1 Start Deutsch 1 Wortliste PDF; original Unser Dorf example sentence,,False
a1_0205,Fahrer,der,driver,Der Fahrer wartet.,A1,noun,General,yes,Goethe-Zertifikat A1 Start Deutsch 1 Wortliste PDF; original Unser Dorf example sentence,,False
a1_0206,Fahrkarte,die,ticket,Ich kaufe eine Fahrkarte.,A1,noun,Travel,yes,Goethe-Zertifikat A1 Start Deutsch 1 Wortliste PDF; original Unser Dorf example sentence,,False
a1_0207,Fahrrad,das,bicycle,Mein Fahrrad ist rot.,A1,noun,Travel,yes,Goethe-Zertifikat A1 Start Deutsch 1 Wortliste PDF; original Unser Dorf example sentence,,False
a1_0209,Familie,die,family,Meine Familie lebt hier.,A1,noun,Family,yes,Goethe-Zertifikat A1 Start Deutsch 1 Wortliste PDF; original Unser Dorf example sentence,,False
a1_0210,Familienname,der,family name/surname,Mein Familienname ist Müller.,A1,noun,Family,yes,Goethe-Zertifikat A1 Start Deutsch 1 Wortliste PDF; original Unser Dorf example sentence,,False
a1_0211,Familienstand,der,marital status,Mein Familienstand ist ledig.,A1,noun,General,yes,Goethe-Zertifikat A1 Start Deutsch 1 Wortliste PDF; original Unser Dorf example sentence,,False
a1_0212,Farbe,die,color,Welche Farbe magst du?,A1,noun,General,yes,Goethe-Zertifikat A1 Start Deutsch 1 Wortliste PDF; original Unser Dorf example sentence,,False
a1_0213,Fax,das,fax,Ich schicke ein Fax.,A1,noun,General,yes,Goethe-Zertifikat A1 Start Deutsch 1 Wortliste PDF; original Unser Dorf example sentence,,False
a1_0215,Fehler,der,mistake,Ich mache einen Fehler.,A1,noun,General,yes,Goethe-Zertifikat A1 Start Deutsch 1 Wortliste PDF; original Unser Dorf example sentence,,False
a1_0216,Feierabend,der,end of workday,Um fünf habe ich Feierabend.,A1,noun,Work,yes,Goethe-Zertifikat A1 Start Deutsch 1 Wortliste PDF; original Unser Dorf example sentence,,False
a1_0218,Feiertag,der,holiday,Morgen ist ein Feiertag.,A1,noun,General,yes,Goethe-Zertifikat A1 Start Deutsch 1 Wortliste PDF; original Unser Dorf example sentence,,False
a1_0221,Feuer,das,fire,Haben Sie Feuer?,A1,noun,General,yes,Goethe-Zertifikat A1 Start Deutsch 1 Wortliste PDF; original Unser Dorf example sentence,,False
a1_0222,Fieber,das,fever,Das Kind hat Fieber.,A1,noun,Health,yes,Goethe-Zertifikat A1 Start Deutsch 1 Wortliste PDF; original Unser Dorf example sentence,,False
a1_0223,Film,der,film/movie,Der Film beginnt um acht.,A1,noun,General,yes,Goethe-Zertifikat A1 Start Deutsch 1 Wortliste PDF; original Unser Dorf example sentence,,False
a1_0225,Firma,die,company,Sie arbeitet in einer Firma.,A1,noun,Work,yes,Goethe-Zertifikat A1 Start Deutsch 1 Wortliste PDF; original Unser Dorf example sentence,,False
a1_0226,Fisch,der,fish,Ich esse gern Fisch.,A1,noun,Food,yes,Goethe-Zertifikat A1 Start Deutsch 1 Wortliste PDF; original Unser Dorf example sentence,,False
a1_0227,Flasche,die,bottle,Ich kaufe eine Flasche Wasser.,A1,noun,General,yes,Goethe-Zertifikat A1 Start Deutsch 1 Wortliste PDF; original Unser Dorf example sentence,,False
a1_0228,Fleisch,das,meat,Ich esse kein Fleisch.,A1,noun,Food,yes,Goethe-Zertifikat A1 Start Deutsch 1 Wortliste PDF; original Unser Dorf example sentence,,False
a1_0230,Flughafen,der,airport,Der Flughafen ist weit weg.,A1,noun,Travel,yes,Goethe-Zertifikat A1 Start Deutsch 1 Wortliste PDF; original Unser Dorf example sentence,,False
a1_0231,Flugzeug,das,airplane,Das Flugzeug ist groß.,A1,noun,General,yes,Goethe-Zertifikat A1 Start Deutsch 1 Wortliste PDF; original Unser Dorf example sentence,,False
a1_0232,Formular,das,form,Bitte füllen Sie das Formular aus.,A1,noun,General,yes,Goethe-Zertifikat A1 Start Deutsch 1 Wortliste PDF; original Unser Dorf example sentence,,False
a1_0233,Foto,das,photo,Ich mache ein Foto.,A1,noun,General,yes,Goethe-Zertifikat A1 Start Deutsch 1 Wortliste PDF; original Unser Dorf example sentence,,False
a1_0234,Frage,die,question,Ich habe eine Frage.,A1,noun,Communication,yes,Goethe-Zertifikat A1 Start Deutsch 1 Wortliste PDF; original Unser Dorf example sentence,,False
a1_0236,Frau,die,woman/Mrs./wife,Die Frau trinkt Kaffee.,A1,noun,General,yes,Goethe-Zertifikat A1 Start Deutsch 1 Wortliste PDF; original Unser Dorf example sentence,,False
a1_0238,Freizeit,die,free time,In meiner Freizeit lese ich.,A1,noun,Time,yes,Goethe-Zertifikat A1 Start Deutsch 1 Wortliste PDF; original Unser Dorf example sentence,,False
a1_0240,Freund,der,friend,Mein Freund kommt morgen.,A1,noun,General,yes,Goethe-Zertifikat A1 Start Deutsch 1 Wortliste PDF; original Unser Dorf example sentence,,False
a1_0242,Frühstück,das,breakfast,Das Frühstück ist fertig.,A1,noun,General,yes,Goethe-Zertifikat A1 Start Deutsch 1 Wortliste PDF; original Unser Dorf example sentence,,False
a1_0244,Führung,die,guided tour,Die Führung beginnt jetzt.,A1,noun,General,yes,Goethe-Zertifikat A1 Start Deutsch 1 Wortliste PDF; original Unser Dorf example sentence,,False
a1_0246,Fuß,der,foot,Mein Fuß tut weh.,A1,noun,Health,yes,Goethe-Zertifikat A1 Start Deutsch 1 Wortliste PDF; original Unser Dorf example sentence,,False
a1_0247,Fußball,der,football/soccer,Die Kinder spielen Fußball.,A1,noun,Health,yes,Goethe-Zertifikat A1 Start Deutsch 1 Wortliste PDF; original Unser Dorf example sentence,,False
a1_0248,Garten,der,garden,Der Garten ist schön.,A1,noun,Housing,yes,Goethe-Zertifikat A1 Start Deutsch 1 Wortliste PDF; original Unser Dorf example sentence,,False
a1_0249,Gast,der,guest,Heute kommt ein Gast.,A1,noun,General,yes,Goethe-Zertifikat A1 Start Deutsch 1 Wortliste PDF; original Unser Dorf example sentence,,False
a1_0252,Geburtsjahr,das,year of birth,Mein Geburtsjahr ist 2014.,A1,noun,Time,yes,Goethe-Zertifikat A1 Start Deutsch 1 Wortliste PDF; original Unser Dorf example sentence,,False
a1_0253,Geburtsort,der,place of birth,Mein Geburtsort ist Tokio.,A1,noun,General,yes,Goethe-Zertifikat A1 Start Deutsch 1 Wortliste PDF; original Unser Dorf example sentence,,False
a1_0254,Geburtstag,der,birthday,Heute ist mein Geburtstag.,A1,noun,General,yes,Goethe-Zertifikat A1 Start Deutsch 1 Wortliste PDF; original Unser Dorf example sentence,,False
a1_0259,Geld,das,money,Ich brauche Geld.,A1,noun,Shopping,yes,Goethe-Zertifikat A1 Start Deutsch 1 Wortliste PDF; original Unser Dorf example sentence,,False
a1_0260,Gemüse,das,vegetables,Wir kaufen Gemüse.,A1,noun,Food,yes,Goethe-Zertifikat A1 Start Deutsch 1 Wortliste PDF; original Unser Dorf example sentence,,False
a1_0262,Gepäck,das,luggage,Mein Gepäck ist schwer.,A1,noun,Travel,yes,Goethe-Zertifikat A1 Start Deutsch 1 Wortliste PDF; original Unser Dorf example sentence,,False
a1_0266,Geschäft,das,shop/business,Das Geschäft ist offen.,A1,noun,Travel,yes,Goethe-Zertifikat A1 Start Deutsch 1 Wortliste PDF; original Unser Dorf example sentence,,False
a1_0267,Geschenk,das,gift,Das Geschenk ist schön.,A1,noun,General,yes,Goethe-Zertifikat A1 Start Deutsch 1 Wortliste PDF; original Unser Dorf example sentence,,False
a1_0269,Geschwister,die,siblings,Ich habe zwei Geschwister.,A1,noun,General,yes,Goethe-Zertifikat A1 Start Deutsch 1 Wortliste PDF; original Unser Dorf example sentence,,False
a1_0270,Gespräch,das,conversation,Das Gespräch ist kurz.,A1,noun,General,yes,Goethe-Zertifikat A1 Start Deutsch 1 Wortliste PDF; original Unser Dorf example sentence,,False
a1_0273,Getränk,das,drink,Ich möchte ein Getränk.,A1,noun,General,yes,Goethe-Zertifikat A1 Start Deutsch 1 Wortliste PDF; original Unser Dorf example sentence,,False
a1_0274,Gewicht,das,weight,Mein Gewicht ist normal.,A1,noun,General,yes,Goethe-Zertifikat A1 Start Deutsch 1 Wortliste PDF; original Unser Dorf example sentence,,False
a1_0276,Glas,das,glass,Ich nehme ein Glas Wasser.,A1,noun,General,yes,Goethe-Zertifikat A1 Start Deutsch 1 Wortliste PDF; original Unser Dorf example sentence,,False
a1_0279,Gleis,das,track/platform,Der Zug fährt von Gleis zwei.,A1,noun,General,yes,Goethe-Zertifikat A1 Start Deutsch 1 Wortliste PDF; original Unser Dorf example sentence,,False
a1_0280,Glück,das,luck,Viel Glück!,A1,noun,General,yes,Goethe-Zertifikat A1 Start Deutsch 1 Wortliste PDF; original Unser Dorf example sentence,,False
a1_0282,Glückwunsch,der,congratulations,Herzlichen Glückwunsch!,A1,noun,General,yes,Goethe-Zertifikat A1 Start Deutsch 1 Wortliste PDF; original Unser Dorf example sentence,,False
a1_0283,Grad,der,degree,Heute sind es zwanzig Grad.,A1,noun,General,yes,Goethe-Zertifikat A1 Start Deutsch 1 Wortliste PDF; original Unser Dorf example sentence,,False
a1_0286,Größe,die,size,Welche Größe brauchen Sie?,A1,noun,General,yes,Goethe-Zertifikat A1 Start Deutsch 1 Wortliste PDF; original Unser Dorf example sentence,,False
a1_0288,Großeltern,die,grandparents,Meine Großeltern wohnen hier.,A1,noun,Family,yes,Goethe-Zertifikat A1 Start Deutsch 1 Wortliste PDF; original Unser Dorf example sentence,,False
a1_0289,Großmutter,die,grandmother,Meine Großmutter kocht gern.,A1,noun,Family,yes,Goethe-Zertifikat A1 Start Deutsch 1 Wortliste PDF; original Unser Dorf example sentence,,False
a1_0290,Großvater,der,grandfather,Mein Großvater ist alt.,A1,noun,Family,yes,Goethe-Zertifikat A1 Start Deutsch 1 Wortliste PDF; original Unser Dorf example sentence,,False
a1_0291,Gruppe,die,group,Unsere Gruppe lernt Deutsch.,A1,noun,General,yes,Goethe-Zertifikat A1 Start Deutsch 1 Wortliste PDF; original Unser Dorf example sentence,,False
a1_0292,Gruß,der,greeting/regards,Viele Grüße!,A1,noun,General,yes,Goethe-Zertifikat A1 Start Deutsch 1 Wortliste PDF; original Unser Dorf example sentence,,False
a1_0296,Haar,das,hair,Sie hat langes Haar.,A1,noun,General,yes,Goethe-Zertifikat A1 Start Deutsch 1 Wortliste PDF; original Unser Dorf example sentence,,False
a1_0298,Hähnchen,das,chicken,Ich esse Hähnchen.,A1,noun,General,yes,Goethe-Zertifikat A1 Start Deutsch 1 Wortliste PDF; original Unser Dorf example sentence,,False
a1_0299,Halbpension,die,half board,Wir buchen Halbpension.,A1,noun,General,yes,Goethe-Zertifikat A1 Start Deutsch 1 Wortliste PDF; original Unser Dorf example sentence,,False
a1_0300,Halle,die,hall,Wir treffen uns in der Halle.,A1,noun,General,yes,Goethe-Zertifikat A1 Start Deutsch 1 Wortliste PDF; original Unser Dorf example sentence,,False
a1_0303,Haltestelle,die,stop,Die Haltestelle ist dort.,A1,noun,School,yes,Goethe-Zertifikat A1 Start Deutsch 1 Wortliste PDF; original Unser Dorf example sentence,,False
a1_0304,Hand,die,hand,Meine Hand ist kalt.,A1,noun,Health,yes,Goethe-Zertifikat A1 Start Deutsch 1 Wortliste PDF; original Unser Dorf example sentence,,False
a1_0305,Handy,das,mobile phone,Mein Handy ist neu.,A1,noun,Health,yes,Goethe-Zertifikat A1 Start Deutsch 1 Wortliste PDF; original Unser Dorf example sentence,,False
a1_0306,Haus,das,house,Das Haus ist klein.,A1,noun,Housing,yes,Goethe-Zertifikat A1 Start Deutsch 1 Wortliste PDF; original Unser Dorf example sentence,,False
a1_0307,Hausaufgabe,die,homework,Ich mache die Hausaufgabe.,A1,noun,School,yes,Goethe-Zertifikat A1 Start Deutsch 1 Wortliste PDF; original Unser Dorf example sentence,,False
a1_0308,Hausfrau,die,housewife,Die Hausfrau kauft ein.,A1,noun,Housing,yes,Goethe-Zertifikat A1 Start Deutsch 1 Wortliste PDF; original Unser Dorf example sentence,,False
a1_0309,Hausmann,der,househusband,Der Hausmann kocht heute.,A1,noun,Housing,yes,Goethe-Zertifikat A1 Start Deutsch 1 Wortliste PDF; original Unser Dorf example sentence,,False
a1_0310,Heimat,die,homeland/home,Österreich ist meine neue Heimat.,A1,noun,General,yes,Goethe-Zertifikat A1 Start Deutsch 1 Wortliste PDF; original Unser Dorf example sentence,,False
a1_0315,Herd,der,stove,Der Herd ist neu.,A1,noun,General,yes,Goethe-Zertifikat A1 Start Deutsch 1 Wortliste PDF; original Unser Dorf example sentence,,False
a1_0316,Herr,der,Mr./gentleman,"Guten Tag, Herr Müller.",A1,noun,General,yes,Goethe-Zertifikat A1 Start Deutsch 1 Wortliste PDF; original Unser Dorf example sentence,,False
a1_0320,Hilfe,die,help,Ich brauche Hilfe.,A1,noun,General,yes,Goethe-Zertifikat A1 Start Deutsch 1 Wortliste PDF; original Unser Dorf example sentence,,False
a1_0322,Hobby,das,hobby,Mein Hobby ist Lesen.,A1,noun,General,yes,Goethe-Zertifikat A1 Start Deutsch 1 Wortliste PDF; original Unser Dorf example sentence,,False
a1_0324,Hochzeit,die,wedding,Die Hochzeit ist im Mai.,A1,noun,General,yes,Goethe-Zertifikat A1 Start Deutsch 1 Wortliste PDF; original Unser Dorf example sentence,,False
a1_0327,Hotel,das,hotel,Wir schlafen im Hotel.,A1,noun,Travel,yes,Goethe-Zertifikat A1 Start Deutsch 1 Wortliste PDF; original Unser Dorf example sentence,,False
a1_0328,Hund,der,dog,Der Hund ist freundlich.,A1,noun,General,yes,Goethe-Zertifikat A1 Start Deutsch 1 Wortliste PDF; original Unser Dorf example sentence,,False
a1_0329,Hunger,der,hunger,Ich habe Hunger.,A1,noun,General,yes,Goethe-Zertifikat A1 Start Deutsch 1 Wortliste PDF; original Unser Dorf example sentence,,False
a1_0334,Information,die,information,Ich brauche eine Information.,A1,noun,General,yes,Goethe-Zertifikat A1 Start Deutsch 1 Wortliste PDF; original Unser Dorf example sentence,,False
a1_0336,Internet,das,internet,Ich suche im Internet.,A1,noun,General,yes,Goethe-Zertifikat A1 Start Deutsch 1 Wortliste PDF; original Unser Dorf example sentence,,False
a1_0338,Jacke,die,jacket,Die Jacke ist warm.,A1,noun,General,yes,Goethe-Zertifikat A1 Start Deutsch 1 Wortliste PDF; original Unser Dorf example sentence,,False
a1_0341,Job,der,job,Sie hat einen neuen Job.,A1,noun,Work,yes,Goethe-Zertifikat A1 Start Deutsch 1 Wortliste PDF; original Unser Dorf example sentence,,False
a1_0344,Junge,der,boy,Der Junge spielt draußen.,A1,noun,General,yes,Goethe-Zertifikat A1 Start Deutsch 1 Wortliste PDF; original Unser Dorf example sentence,,False
a1_0345,Kaffee,der,coffee,Ich trinke Kaffee.,A1,noun,Food,yes,Goethe-Zertifikat A1 Start Deutsch 1 Wortliste PDF; original Unser Dorf example sentence,,False
a1_0347,Karte,die,card/ticket/menu/map,Ich kaufe eine Karte.,A1,noun,Travel,yes,Goethe-Zertifikat A1 Start Deutsch 1 Wortliste PDF; original Unser Dorf example sentence,,False
a1_0348,Kartoffel,die,potato,Ich koche Kartoffeln.,A1,noun,General,yes,Goethe-Zertifikat A1 Start Deutsch 1 Wortliste PDF; original Unser Dorf example sentence,,False
a1_0349,Kasse,die,checkout/cash desk,Ich zahle an der Kasse.,A1,noun,Shopping,yes,Goethe-Zertifikat A1 Start Deutsch 1 Wortliste PDF; original Unser Dorf example sentence,,False
a1_0354,Kind,das,child,Das Kind spielt.,A1,noun,General,yes,Goethe-Zertifikat A1 Start Deutsch 1 Wortliste PDF; original Unser Dorf example sentence,,False
a1_0355,Kindergarten,der,kindergarten,Mein Kind geht in den Kindergarten.,A1,noun,General,yes,Goethe-Zertifikat A1 Start Deutsch 1 Wortliste PDF; original Unser Dorf example sentence,,False
a1_0356,Kino,das,cinema,Wir gehen ins Kino.,A1,noun,General,yes,Goethe-Zertifikat A1 Start Deutsch 1 Wortliste PDF; original Unser Dorf example sentence,,False
a1_0357,Kiosk,der,kiosk,Ich kaufe Zeitung am Kiosk.,A1,noun,General,yes,Goethe-Zertifikat A1 Start Deutsch 1 Wortliste PDF; original Unser Dorf example sentence,,False
a1_0359,Klasse,die,class,Meine Klasse ist nett.,A1,noun,School,yes,Goethe-Zertifikat A1 Start Deutsch 1 Wortliste PDF; original Unser Dorf example sentence,,False
a1_0360,Kleidung,die,clothing,Ich brauche neue Kleidung.,A1,noun,General,yes,Goethe-Zertifikat A1 Start Deutsch 1 Wortliste PDF; original Unser Dorf example sentence,,False
a1_0364,Koffer,der,suitcase,Der Koffer ist schwer.,A1,noun,General,yes,Goethe-Zertifikat A1 Start Deutsch 1 Wortliste PDF; original Unser Dorf example sentence,,False
a1_0365,Kollege,der,colleague,Mein Kollege kommt später.,A1,noun,Health,yes,Goethe-Zertifikat A1 Start Deutsch 1 Wortliste PDF; original Unser Dorf example sentence,,False
a1_0367,Konto,das,bank account,Das Geld ist auf dem Konto.,A1,noun,Shopping,yes,Goethe-Zertifikat A1 Start Deutsch 1 Wortliste PDF; original Unser Dorf example sentence,,False
a1_0368,Kopf,der,head,Mein Kopf tut weh.,A1,noun,Health,yes,Goethe-Zertifikat A1 Start Deutsch 1 Wortliste PDF; original Unser Dorf example sentence,,False
a1_0371,Kreditkarte,die,credit card,Ich zahle mit Kreditkarte.,A1,noun,Travel,yes,Goethe-Zertifikat A1 Start Deutsch 1 Wortliste PDF; original Unser Dorf example sentence,,False
a1_0373,Kuchen,der,cake,Ich esse Kuchen.,A1,noun,Food,yes,Goethe-Zertifikat A1 Start Deutsch 1 Wortliste PDF; original Unser Dorf example sentence,,False
a1_0374,Küche,die,kitchen,Die Küche ist klein.,A1,noun,Housing,yes,Goethe-Zertifikat A1 Start Deutsch 1 Wortliste PDF; original Unser Dorf example sentence,,False
a1_0375,Kühlschrank,der,fridge,Die Milch ist im Kühlschrank.,A1,noun,General,yes,Goethe-Zertifikat A1 Start Deutsch 1 Wortliste PDF; original Unser Dorf example sentence,,False
a1_0376,Kugelschreiber,der,pen,Ich brauche einen Kugelschreiber.,A1,noun,General,yes,Goethe-Zertifikat A1 Start Deutsch 1 Wortliste PDF; original Unser Dorf example sentence,,False
a1_0378,Kunde,der,customer,Der Kunde wartet.,A1,noun,General,yes,Goethe-Zertifikat A1 Start Deutsch 1 Wortliste PDF; original Unser Dorf example sentence,,False
a1_0379,Kurs,der,course,Der Kurs beginnt heute.,A1,noun,General,yes,Goethe-Zertifikat A1 Start Deutsch 1 Wortliste PDF; original Unser Dorf example sentence,,False
a1_0382,Laden,der,shop,Der Laden ist offen.,A1,noun,Shopping,yes,Goethe-Zertifikat A1 Start Deutsch 1 Wortliste PDF; original Unser Dorf example sentence,,False
a1_0383,Land,das,country,Österreich ist ein schönes Land.,A1,noun,General,yes,Goethe-Zertifikat A1 Start Deutsch 1 Wortliste PDF; original Unser Dorf example sentence,,False
a1_0390,Lebensmittel,die,food/groceries,Ich kaufe Lebensmittel.,A1,noun,Food,yes,Goethe-Zertifikat A1 Start Deutsch 1 Wortliste PDF; original Unser Dorf example sentence,,False
a1_0393,Lehrer,der,teacher,Der Lehrer erklärt die Aufgabe.,A1,noun,School,yes,Goethe-Zertifikat A1 Start Deutsch 1 Wortliste PDF; original Unser Dorf example sentence,,False
a1_0400,Leute,die,people,Viele Leute warten.,A1,noun,General,yes,Goethe-Zertifikat A1 Start Deutsch 1 Wortliste PDF; original Unser Dorf example sentence,,False
a1_0401,Licht,das,light,Mach bitte das Licht an.,A1,noun,General,yes,Goethe-Zertifikat A1 Start Deutsch 1 Wortliste PDF; original Unser Dorf example sentence,,False
a1_0406,Lied,das,song,Das Lied ist schön.,A1,noun,Family,yes,Goethe-Zertifikat A1 Start Deutsch 1 Wortliste PDF; original Unser Dorf example sentence,,False
a1_0409,Lkw,der,truck,Der Lkw ist groß.,A1,noun,General,yes,Goethe-Zertifikat A1 Start Deutsch 1 Wortliste PDF; original Unser Dorf example sentence,,False
a1_0410,Lösung,die,solution/answer,Die Lösung ist richtig.,A1,noun,Communication,yes,Goethe-Zertifikat A1 Start Deutsch 1 Wortliste PDF; original Unser Dorf example sentence,,False
a1_0411,Lokal,das,restaurant/pub,Das Lokal ist neu.,A1,noun,Food,yes,Goethe-Zertifikat A1 Start Deutsch 1 Wortliste PDF; original Unser Dorf example sentence,,False
a1_0414,Mädchen,das,girl,Das Mädchen liest.,A1,noun,General,yes,Goethe-Zertifikat A1 Start Deutsch 1 Wortliste PDF; original Unser Dorf example sentence,,False
a1_0417,Mann,der,man/husband,Der Mann arbeitet.,A1,noun,General,yes,Goethe-Zertifikat A1 Start Deutsch 1 Wortliste PDF; original Unser Dorf example sentence,,False
a1_0418,Maschine,die,machine,Die Maschine ist kaputt.,A1,noun,General,yes,Goethe-Zertifikat A1 Start Deutsch 1 Wortliste PDF; original Unser Dorf example sentence,,False
a1_0419,Meer,das,sea,Wir fahren ans Meer.,A1,noun,Nature,yes,Goethe-Zertifikat A1 Start Deutsch 1 Wortliste PDF; original Unser Dorf example sentence,,False
a1_0423,Mensch,der,person/human,Der Mensch braucht Wasser.,A1,noun,Family,yes,Goethe-Zertifikat A1 Start Deutsch 1 Wortliste PDF; original Unser Dorf example sentence,,False
a1_0424,Miete,die,rent,Die Miete ist hoch.,A1,noun,Housing,yes,Goethe-Zertifikat A1 Start Deutsch 1 Wortliste PDF; original Unser Dorf example sentence,,False
a1_0426,Milch,die,milk,Ich trinke Milch.,A1,noun,Food,yes,Goethe-Zertifikat A1 Start Deutsch 1 Wortliste PDF; original Unser Dorf example sentence,,False
a1_0432,Mitte,die,middle,Der Tisch steht in der Mitte.,A1,noun,General,yes,Goethe-Zertifikat A1 Start Deutsch 1 Wortliste PDF; original Unser Dorf example sentence,,False
a1_0433,Möbel,die,furniture,Die Möbel sind neu.,A1,noun,General,yes,Goethe-Zertifikat A1 Start Deutsch 1 Wortliste PDF; original Unser Dorf example sentence,,False
a1_0437,Moment,der,moment,Einen Moment bitte.,A1,noun,General,yes,Goethe-Zertifikat A1 Start Deutsch 1 Wortliste PDF; original Unser Dorf example sentence,,False
a1_0441,Mund,der,mouth,Der Mund ist rot.,A1,noun,Health,yes,Goethe-Zertifikat A1 Start Deutsch 1 Wortliste PDF; original Unser Dorf example sentence,,False
a1_0442,Mutter,die,mother,Meine Mutter kocht.,A1,noun,Family,yes,Goethe-Zertifikat A1 Start Deutsch 1 Wortliste PDF; original Unser Dorf example sentence,,False
a1_0445,Name,der,name,Mein Name ist Sami.,A1,noun,Communication,yes,Goethe-Zertifikat A1 Start Deutsch 1 Wortliste PDF; original Unser Dorf example sentence,,False
a1_0454,Nummer,die,number,Meine Nummer ist zwölf.,A1,noun,General,yes,Goethe-Zertifikat A1 Start Deutsch 1 Wortliste PDF; original Unser Dorf example sentence,,False
a1_0457,Obst,das,fruit,Ich esse gern Obst.,A1,noun,Food,yes,Goethe-Zertifikat A1 Start Deutsch 1 Wortliste PDF; original Unser Dorf example sentence,,False
a1_0460,Öl,das,oil,Wir brauchen Öl.,A1,noun,General,yes,Goethe-Zertifikat A1 Start Deutsch 1 Wortliste PDF; original Unser Dorf example sentence,,False
a1_0463,Oma,die,grandma,Meine Oma wohnt hier.,A1,noun,Family,yes,Goethe-Zertifikat A1 Start Deutsch 1 Wortliste PDF; original Unser Dorf example sentence,,False
a1_0464,Opa,der,grandpa,Mein Opa heißt Hans.,A1,noun,Family,yes,Goethe-Zertifikat A1 Start Deutsch 1 Wortliste PDF; original Unser Dorf example sentence,,False
a1_0465,Ordnung,die,order,Alles ist in Ordnung.,A1,noun,General,yes,Goethe-Zertifikat A1 Start Deutsch 1 Wortliste PDF; original Unser Dorf example sentence,,False
a1_0466,Ort,der,place/town,Der Ort ist klein.,A1,noun,General,yes,Goethe-Zertifikat A1 Start Deutsch 1 Wortliste PDF; original Unser Dorf example sentence,,False
a1_0467,Papier,das,paper,Ich brauche Papier.,A1,noun,General,yes,Goethe-Zertifikat A1 Start Deutsch 1 Wortliste PDF; original Unser Dorf example sentence,,False
a1_0468,Papiere,die,papers/documents,Haben Sie Ihre Papiere?,A1,noun,General,yes,Goethe-Zertifikat A1 Start Deutsch 1 Wortliste PDF; original Unser Dorf example sentence,,False
a1_0469,Partner,der,partner,Mein Partner kommt mit.,A1,noun,General,yes,Goethe-Zertifikat A1 Start Deutsch 1 Wortliste PDF; original Unser Dorf example sentence,,False
a1_0470,Partnerin,die,female partner,Meine Partnerin lernt Deutsch.,A1,noun,General,yes,Goethe-Zertifikat A1 Start Deutsch 1 Wortliste PDF; original Unser Dorf example sentence,,False
a1_0471,Party,die,party,Die Party beginnt um acht.,A1,noun,General,yes,Goethe-Zertifikat A1 Start Deutsch 1 Wortliste PDF; original Unser Dorf example sentence,,False
a1_0472,Pass,der,passport,Mein Pass ist im Hotel.,A1,noun,General,yes,Goethe-Zertifikat A1 Start Deutsch 1 Wortliste PDF; original Unser Dorf example sentence,,False
a1_0473,Pause,die,break,Wir machen Pause.,A1,noun,General,yes,Goethe-Zertifikat A1 Start Deutsch 1 Wortliste PDF; original Unser Dorf example sentence,,False
a1_0474,Plan,der,plan/map,Ich habe einen Plan.,A1,noun,General,yes,Goethe-Zertifikat A1 Start Deutsch 1 Wortliste PDF; original Unser Dorf example sentence,,False
a1_0475,Platz,der,place/seat/square,Der Platz ist frei.,A1,noun,Nature,yes,Goethe-Zertifikat A1 Start Deutsch 1 Wortliste PDF; original Unser Dorf example sentence,,False
a1_0476,Polizei,die,police,Die Polizei kommt.,A1,noun,General,yes,Goethe-Zertifikat A1 Start Deutsch 1 Wortliste PDF; original Unser Dorf example sentence,,False
a1_0477,Pommes frites,die,fries,Die Kinder essen Pommes frites.,A1,noun,General,yes,Goethe-Zertifikat A1 Start Deutsch 1 Wortliste PDF; original Unser Dorf example sentence,,False
a1_0478,Post,die,post office/mail,Ich gehe zur Post.,A1,noun,Work,yes,Goethe-Zertifikat A1 Start Deutsch 1 Wortliste PDF; original Unser Dorf example sentence,,False
a1_0479,Postleitzahl,die,postal code,Wie ist die Postleitzahl?,A1,noun,General,yes,Goethe-Zertifikat A1 Start Deutsch 1 Wortliste PDF; original Unser Dorf example sentence,,False
a1_0480,Praktikum,das,internship,Ich mache ein Praktikum.,A1,noun,General,yes,Goethe-Zertifikat A1 Start Deutsch 1 Wortliste PDF; original Unser Dorf example sentence,,False
a1_0481,Praxis,die,doctor's office/practice,Die Praxis ist geöffnet.,A1,noun,Health,yes,Goethe-Zertifikat A1 Start Deutsch 1 Wortliste PDF; original Unser Dorf example sentence,,False
a1_0482,Preis,der,price,Der Preis ist hoch.,A1,noun,Food,yes,Goethe-Zertifikat A1 Start Deutsch 1 Wortliste PDF; original Unser Dorf example sentence,,False
a1_0483,Problem,das,problem,Ich habe ein Problem.,A1,noun,General,yes,Goethe-Zertifikat A1 Start Deutsch 1 Wortliste PDF; original Unser Dorf example sentence,,False
a1_0484,Prospekt,der,brochure,Ich lese den Prospekt.,A1,noun,General,yes,Goethe-Zertifikat A1 Start Deutsch 1 Wortliste PDF; original Unser Dorf example sentence,,False
a1_0485,Prüfung,die,exam,Die Prüfung ist am Montag.,A1,noun,School,yes,Goethe-Zertifikat A1 Start Deutsch 1 Wortliste PDF; original Unser Dorf example sentence,,False
a1_0489,Raum,der,room,Der Kurs ist in Raum 12.,A1,noun,Housing,yes,Goethe-Zertifikat A1 Start Deutsch 1 Wortliste PDF; original Unser Dorf example sentence,,False
a1_0490,Rechnung,die,bill,Die Rechnung bitte.,A1,noun,General,yes,Goethe-Zertifikat A1 Start Deutsch 1 Wortliste PDF; original Unser Dorf example sentence,,False
a1_0492,Regen,der,rain,Der Regen ist stark.,A1,noun,Nature,yes,Goethe-Zertifikat A1 Start Deutsch 1 Wortliste PDF; original Unser Dorf example sentence,,False
a1_0494,Reis,der,rice,Ich esse Reis.,A1,noun,Food,yes,Goethe-Zertifikat A1 Start Deutsch 1 Wortliste PDF; original Unser Dorf example sentence,,False
a1_0495,Reise,die,trip/journey,Die Reise ist lang.,A1,noun,General,yes,Goethe-Zertifikat A1 Start Deutsch 1 Wortliste PDF; original Unser Dorf example sentence,,False
a1_0496,Reisebüro,das,travel agency,Das Reisebüro ist offen.,A1,noun,Travel,yes,Goethe-Zertifikat A1 Start Deutsch 1 Wortliste PDF; original Unser Dorf example sentence,,False
a1_0497,Reiseführer,der,guidebook/tour guide,Ich kaufe einen Reiseführer.,A1,noun,School,yes,Goethe-Zertifikat A1 Start Deutsch 1 Wortliste PDF; original Unser Dorf example sentence,,False
a1_0499,Reparatur,die,repair,Die Reparatur ist teuer.,A1,noun,General,yes,Goethe-Zertifikat A1 Start Deutsch 1 Wortliste PDF; original Unser Dorf example sentence,,False
a1_0501,Restaurant,das,restaurant,Wir essen im Restaurant.,A1,noun,Food,yes,Goethe-Zertifikat A1 Start Deutsch 1 Wortliste PDF; original Unser Dorf example sentence,,False
a1_0502,Rezeption,die,reception,Fragen Sie an der Rezeption.,A1,noun,General,yes,Goethe-Zertifikat A1 Start Deutsch 1 Wortliste PDF; original Unser Dorf example sentence,,False
a1_0506,S-Bahn,die,suburban train,Ich nehme die S-Bahn.,A1,noun,Travel,yes,Goethe-Zertifikat A1 Start Deutsch 1 Wortliste PDF; original Unser Dorf example sentence,,False
a1_0507,Saft,der,juice,Ich trinke Apfelsaft.,A1,noun,Food,yes,Goethe-Zertifikat A1 Start Deutsch 1 Wortliste PDF; original Unser Dorf example sentence,,False
a1_0509,Salat,der,salad,Der Salat ist frisch.,A1,noun,Food,yes,Goethe-Zertifikat A1 Start Deutsch 1 Wortliste PDF; original Unser Dorf example sentence,,False
a1_0510,Salz,das,salt,Ich brauche Salz.,A1,noun,Food,yes,Goethe-Zertifikat A1 Start Deutsch 1 Wortliste PDF; original Unser Dorf example sentence,,False
a1_0511,Satz,der,sentence,Der Satz ist einfach.,A1,noun,School,yes,Goethe-Zertifikat A1 Start Deutsch 1 Wortliste PDF; original Unser Dorf example sentence,,False
a1_0512,Schalter,der,counter,Der Schalter ist offen.,A1,noun,General,yes,Goethe-Zertifikat A1 Start Deutsch 1 Wortliste PDF; original Unser Dorf example sentence,,False
a1_0515,Schild,das,sign,Das Schild ist groß.,A1,noun,General,yes,Goethe-Zertifikat A1 Start Deutsch 1 Wortliste PDF; original Unser Dorf example sentence,,False
a1_0516,Schinken,der,ham,Ich esse Brot mit Schinken.,A1,noun,General,yes,Goethe-Zertifikat A1 Start Deutsch 1 Wortliste PDF; original Unser Dorf example sentence,,False
a1_0520,Schlüssel,der,key,Ich suche den Schlüssel.,A1,noun,General,yes,Goethe-Zertifikat A1 Start Deutsch 1 Wortliste PDF; original Unser Dorf example sentence,,False
a1_0521,Schluss,der,end,Jetzt ist Schluss.,A1,noun,General,yes,Goethe-Zertifikat A1 Start Deutsch 1 Wortliste PDF; original Unser Dorf example sentence,,False
a1_0526,Schrank,der,cupboard/wardrobe,Die Jacke ist im Schrank.,A1,noun,General,yes,Goethe-Zertifikat A1 Start Deutsch 1 Wortliste PDF; original Unser Dorf example sentence,,False
a1_0528,Schüler,der,student/pupil,Der Schüler lernt Deutsch.,A1,noun,School,yes,Goethe-Zertifikat A1 Start Deutsch 1 Wortliste PDF; original Unser Dorf example sentence,,False
a1_0529,Schuh,der,shoe,Der Schuh ist neu.,A1,noun,General,yes,Goethe-Zertifikat A1 Start Deutsch 1 Wortliste PDF; original Unser Dorf example sentence,,False
a1_0530,Schule,die,school,Die Schule beginnt um acht.,A1,noun,School,yes,Goethe-Zertifikat A1 Start Deutsch 1 Wortliste PDF; original Unser Dorf example sentence,,False
a1_0532,Schwester,die,sister,Meine Schwester kommt heute.,A1,noun,Family,yes,Goethe-Zertifikat A1 Start Deutsch 1 Wortliste PDF; original Unser Dorf example sentence,,False
a1_0533,Schwimmbad,das,swimming pool,Wir gehen ins Schwimmbad.,A1,noun,General,yes,Goethe-Zertifikat A1 Start Deutsch 1 Wortliste PDF; original Unser Dorf example sentence,,False
a1_0535,See,der,lake,Der See ist schön.,A1,noun,Nature,yes,Goethe-Zertifikat A1 Start Deutsch 1 Wortliste PDF; original Unser Dorf example sentence,,False
a1_0537,Sehenswürdigkeit,die,sight/attraction,Wien hat viele Sehenswürdigkeiten.,A1,noun,General,yes,Goethe-Zertifikat A1 Start Deutsch 1 Wortliste PDF; original Unser Dorf example sentence,,False
a1_0555,Sofa,das,sofa,Das Sofa ist bequem.,A1,noun,Housing,yes,Goethe-Zertifikat A1 Start Deutsch 1 Wortliste PDF; original Unser Dorf example sentence,,False
a1_0557,Sohn,der,son,Mein Sohn liest.,A1,noun,Family,yes,Goethe-Zertifikat A1 Start Deutsch 1 Wortliste PDF; original Unser Dorf example sentence,,False
a1_0559,Sonne,die,sun,Die Sonne scheint.,A1,noun,Family,yes,Goethe-Zertifikat A1 Start Deutsch 1 Wortliste PDF; original Unser Dorf example sentence,,False
a1_0562,Speisekarte,die,menu,Die Speisekarte ist auf dem Tisch.,A1,noun,General,yes,Goethe-Zertifikat A1 Start Deutsch 1 Wortliste PDF; original Unser Dorf example sentence,,False
a1_0564,Sport,der,sport,Ich mache Sport.,A1,noun,General,yes,Goethe-Zertifikat A1 Start Deutsch 1 Wortliste PDF; original Unser Dorf example sentence,,False
a1_0565,Sprache,die,language,Deutsch ist eine Sprache.,A1,noun,Communication,yes,Goethe-Zertifikat A1 Start Deutsch 1 Wortliste PDF; original Unser Dorf example sentence,,False
a1_0567,Stadt,die,city,Wien ist eine Stadt.,A1,noun,General,yes,Goethe-Zertifikat A1 Start Deutsch 1 Wortliste PDF; original Unser Dorf example sentence,,False
a1_0569,Stelle,die,job/position/place,Ich habe eine neue Stelle.,A1,noun,Work,yes,Goethe-Zertifikat A1 Start Deutsch 1 Wortliste PDF; original Unser Dorf example sentence,,False
a1_0571,Stock,der,floor/storey,Wir wohnen im zweiten Stock.,A1,noun,General,yes,Goethe-Zertifikat A1 Start Deutsch 1 Wortliste PDF; original Unser Dorf example sentence,,False
a1_0572,Straße,die,street,Die Straße ist lang.,A1,noun,Nature,yes,Goethe-Zertifikat A1 Start Deutsch 1 Wortliste PDF; original Unser Dorf example sentence,,False
a1_0573,Straßenbahn,die,tram,Die Straßenbahn kommt gleich.,A1,noun,Travel,yes,Goethe-Zertifikat A1 Start Deutsch 1 Wortliste PDF; original Unser Dorf example sentence,,False
a1_0574,Student,der,student,Der Student lernt viel.,A1,noun,School,yes,Goethe-Zertifikat A1 Start Deutsch 1 Wortliste PDF; original Unser Dorf example sentence,,False
a1_0576,Studium,das,studies,Das Studium beginnt im Oktober.,A1,noun,General,yes,Goethe-Zertifikat A1 Start Deutsch 1 Wortliste PDF; original Unser Dorf example sentence,,False
a1_0577,Stunde,die,hour/lesson,Der Kurs dauert eine Stunde.,A1,noun,Family,yes,Goethe-Zertifikat A1 Start Deutsch 1 Wortliste PDF; original Unser Dorf example sentence,,False
a1_0580,Tasche,die,bag,Die Tasche ist schwer.,A1,noun,General,yes,Goethe-Zertifikat A1 Start Deutsch 1 Wortliste PDF; original Unser Dorf example sentence,,False
a1_0581,Taxi,das,taxi,Wir fahren mit dem Taxi.,A1,noun,Travel,yes,Goethe-Zertifikat A1 Start Deutsch 1 Wortliste PDF; original Unser Dorf example sentence,,False
a1_0582,Tee,der,tea,Ich trinke Tee.,A1,noun,Food,yes,Goethe-Zertifikat A1 Start Deutsch 1 Wortliste PDF; original Unser Dorf example sentence,,False
a1_0583,Teil,der,part,Lies den ersten Teil.,A1,noun,General,yes,Goethe-Zertifikat A1 Start Deutsch 1 Wortliste PDF; original Unser Dorf example sentence,,False
a1_0584,Telefon,das,telephone,Das Telefon klingelt.,A1,noun,Communication,yes,Goethe-Zertifikat A1 Start Deutsch 1 Wortliste PDF; original Unser Dorf example sentence,,False
a1_0586,Termin,der,appointment,Ich habe einen Termin.,A1,noun,General,yes,Goethe-Zertifikat A1 Start Deutsch 1 Wortliste PDF; original Unser Dorf example sentence,,False
a1_0587,Test,der,test,Der Test ist einfach.,A1,noun,School,yes,Goethe-Zertifikat A1 Start Deutsch 1 Wortliste PDF; original Unser Dorf example sentence,,False
a1_0589,Text,der,text,Der Text ist kurz.,A1,noun,School,yes,Goethe-Zertifikat A1 Start Deutsch 1 Wortliste PDF; original Unser Dorf example sentence,,False
a1_0590,Thema,das,topic,Das Thema ist Essen.,A1,noun,General,yes,Goethe-Zertifikat A1 Start Deutsch 1 Wortliste PDF; original Unser Dorf example sentence,,False
a1_0591,Ticket,das,ticket,Ich kaufe ein Ticket.,A1,noun,Travel,yes,Goethe-Zertifikat A1 Start Deutsch 1 Wortliste PDF; original Unser Dorf example sentence,,False
a1_0592,Tisch,der,table,Das Buch liegt auf dem Tisch.,A1,noun,Housing,yes,Goethe-Zertifikat A1 Start Deutsch 1 Wortliste PDF; original Unser Dorf example sentence,,False
a1_0593,Tochter,die,daughter,Meine Tochter malt.,A1,noun,Family,yes,Goethe-Zertifikat A1 Start Deutsch 1 Wortliste PDF; original Unser Dorf example sentence,,False
a1_0594,Toilette,die,toilet,Wo ist die Toilette?,A1,noun,General,yes,Goethe-Zertifikat A1 Start Deutsch 1 Wortliste PDF; original Unser Dorf example sentence,,False
a1_0595,Tomate,die,tomato,Die Tomate ist rot.,A1,noun,General,yes,Goethe-Zertifikat A1 Start Deutsch 1 Wortliste PDF; original Unser Dorf example sentence,,False
a1_0597,Treppe,die,stairs,Die Treppe ist links.,A1,noun,General,yes,Goethe-Zertifikat A1 Start Deutsch 1 Wortliste PDF; original Unser Dorf example sentence,,False
a1_0604,Uhr,die,clock/o'clock,Es ist acht Uhr.,A1,noun,General,yes,Goethe-Zertifikat A1 Start Deutsch 1 Wortliste PDF; original Unser Dorf example sentence,,False
a1_0611,Unterricht,der,lesson/class,Der Unterricht beginnt.,A1,noun,Family,yes,Goethe-Zertifikat A1 Start Deutsch 1 Wortliste PDF; original Unser Dorf example sentence,,False
a1_0613,Unterschrift,die,signature,Hier fehlt die Unterschrift.,A1,noun,General,yes,Goethe-Zertifikat A1 Start Deutsch 1 Wortliste PDF; original Unser Dorf example sentence,,False
a1_0614,Urlaub,der,vacation,Wir machen Urlaub.,A1,noun,General,yes,Goethe-Zertifikat A1 Start Deutsch 1 Wortliste PDF; original Unser Dorf example sentence,,False
a1_0615,Vater,der,father,Mein Vater arbeitet.,A1,noun,Family,yes,Goethe-Zertifikat A1 Start Deutsch 1 Wortliste PDF; original Unser Dorf example sentence,,False
a1_0618,Verein,der,club/association,Er ist im Sportverein.,A1,noun,General,yes,Goethe-Zertifikat A1 Start Deutsch 1 Wortliste PDF; original Unser Dorf example sentence,,False
a1_0620,Verkäufer,der,salesperson,Der Verkäufer hilft mir.,A1,noun,Family,yes,Goethe-Zertifikat A1 Start Deutsch 1 Wortliste PDF; original Unser Dorf example sentence,,False
a1_0623,Vermieter,der,landlord,Der Vermieter wohnt hier.,A1,noun,General,yes,Goethe-Zertifikat A1 Start Deutsch 1 Wortliste PDF; original Unser Dorf example sentence,,False
a1_0630,Vorname,der,first name,Mein Vorname ist Mai.,A1,noun,Communication,yes,Goethe-Zertifikat A1 Start Deutsch 1 Wortliste PDF; original Unser Dorf example sentence,,False
a1_0631,Vorsicht,die,caution,"Vorsicht, ein Auto!",A1,noun,General,yes,Goethe-Zertifikat A1 Start Deutsch 1 Wortliste PDF; original Unser Dorf example sentence,,False
a1_0632,Vorwahl,die,area code,Wie ist die Vorwahl?,A1,noun,General,yes,Goethe-Zertifikat A1 Start Deutsch 1 Wortliste PDF; original Unser Dorf example sentence,,False
a1_0639,Wasser,das,water,Ich trinke Wasser.,A1,noun,Food,yes,Goethe-Zertifikat A1 Start Deutsch 1 Wortliste PDF; original Unser Dorf example sentence,,False
a1_0642,Wein,der,wine,Ich trinke keinen Wein.,A1,noun,Food,yes,Goethe-Zertifikat A1 Start Deutsch 1 Wortliste PDF; original Unser Dorf example sentence,,False
a1_0646,Welt,die,world,Die Welt ist groß.,A1,noun,General,yes,Goethe-Zertifikat A1 Start Deutsch 1 Wortliste PDF; original Unser Dorf example sentence,,False
a1_0650,Wetter,das,weather,Das Wetter ist schön.,A1,noun,Nature,yes,Goethe-Zertifikat A1 Start Deutsch 1 Wortliste PDF; original Unser Dorf example sentence,,False
a1_0654,Wiederhören,das,hearing again/goodbye on phone,Auf Wiederhören!,A1,noun,Communication,yes,Goethe-Zertifikat A1 Start Deutsch 1 Wortliste PDF; original Unser Dorf example sentence,,False
a1_0656,Wiedersehen,das,seeing again/goodbye,Auf Wiedersehen!,A1,noun,General,yes,Goethe-Zertifikat A1 Start Deutsch 1 Wortliste PDF; original Unser Dorf example sentence,,False
a1_0658,Wind,der,wind,Der Wind ist stark.,A1,noun,Nature,yes,Goethe-Zertifikat A1 Start Deutsch 1 Wortliste PDF; original Unser Dorf example sentence,,False
a1_0665,Wohnung,die,apartment,Die Wohnung ist hell.,A1,noun,Housing,yes,Goethe-Zertifikat A1 Start Deutsch 1 Wortliste PDF; original Unser Dorf example sentence,,False
a1_0667,Wort,das,word,Ich kenne das Wort.,A1,noun,Communication,yes,Goethe-Zertifikat A1 Start Deutsch 1 Wortliste PDF; original Unser Dorf example sentence,,False
a1_0670,Zeit,die,time,Ich habe keine Zeit.,A1,noun,Time,yes,Goethe-Zertifikat A1 Start Deutsch 1 Wortliste PDF; original Unser Dorf example sentence,,False
a1_0671,Zeitung,die,newspaper,Ich lese Zeitung.,A1,noun,General,yes,Goethe-Zertifikat A1 Start Deutsch 1 Wortliste PDF; original Unser Dorf example sentence,,False
a1_0672,Zigarette,die,cigarette,Die Zigarette ist teuer.,A1,noun,General,yes,Goethe-Zertifikat A1 Start Deutsch 1 Wortliste PDF; original Unser Dorf example sentence,,False
a1_0673,Zimmer,das,room,Das Zimmer ist groß.,A1,noun,Housing,yes,Goethe-Zertifikat A1 Start Deutsch 1 Wortliste PDF; original Unser Dorf example sentence,,False
a1_0674,Zoll,der,customs,Wir gehen durch den Zoll.,A1,noun,General,yes,Goethe-Zertifikat A1 Start Deutsch 1 Wortliste PDF; original Unser Dorf example sentence,,False
a1_0677,Zug,der,train,Der Zug kommt um acht.,A1,noun,Travel,yes,Goethe-Zertifikat A1 Start Deutsch 1 Wortliste PDF; original Unser Dorf example sentence,,False
